Model,AUC_Test,AUC_CV_Mean,AUC_CV_Std
Random Forest,0.6277529977798232,0.6227613975467448,0.005711157783059604
Logistic Regression,0.6242188301353455,0.6310725192296134,0.007939272188637882
Ridge Logistic,0.6242143672482028,0.6310702786669846,0.007940436090591058
