Set,Metric,Value
Train,accuracy,0.5946671046868156
Train,precision,0.6612184706135366
Train,recall,0.6580846379647749
Train,f1_score,0.6596478322835732
Train,auc_roc,0.6146538174601008
Test,accuracy,0.5939553219448095
Test,precision,0.6606045711477021
Test,recall,0.6575342465753424
Test,f1_score,0.6590658330268481
Test,auc_roc,0.6093344111545279
